Symbol,Name,Last Sale,Net Change,% Change,Market Cap,Country,IPO Year,Volume,Sector,Industry
AAU,Almaden Minerals Ltd. Common Shares,$0.325,0.0247,8.225%,44596958.00,Canada,2015,476370,,
ACU,Acme United Corporation. Common Stock,$32.01,-0.945,-2.868%,113945581.00,United States,1988,10402,Consumer Durables,Home Furnishings
ACY,AeroCentury Corp. Common Stock,$6.02,-0.13,-2.114%,132946011.00,United States,,415368,Technology,Diversified Commercial Services
ADRA,Adara Acquisition Corp. Class A Common Stock,$9.78,0.00,0.00%,140587500.00,United States,2021,15,,
AE,Adams Resources & Energy Inc. Common Stock,$30.51,0.76,2.555%,132871081.00,United States,,5128,Energy,Oilfield Services/Equipment
AEF,Aberdeen Emerging Markets Equity Income Fund Inc. Common Stock,$7.72,0.06,0.783%,391803726.00,United States,,23929,Finance,Finance/Investors Services
AGE,AgeX Therapeutics Inc. Common Stock,$0.7962,0.0162,2.077%,30207172.00,,2018,32648,Health Care,Biotechnology: Pharmaceutical Preparations
AIM,AIM ImmunoTech Inc. Common Stock,$0.8099,0.0308,3.953%,32144941.00,United States,,85612,Health Care,Biotechnology: Biological Products (No Diagnostic Substances)
AINC,Ashford Inc. (Holding Company) Common Stock,$19.31,1.83,10.469%,58367758.00,United States,2014,12457,Finance,Investment Managers
AIRI,Air Industries Group Common Stock,$0.8118,-0.0082,-1.00%,26081515.00,United States,,63563,Capital Goods,Military/Government/Technical
AMBO,Ambow Education Holding Ltd. American Depository Shares each representing two Class A ordinary shares,$0.7636,-0.0332,-4.167%,17746321.00,China,,94766,Miscellaneous,Service to the Health Industry
AMPE,Ampio Pharmaceuticals Inc.,$0.4942,0.0212,4.482%,112247491.00,United States,,1300404,Health Care,Biotechnology: Pharmaceutical Preparations
AMS,American Shared Hospital Services Common Stock,$2.2355,0.0082,0.368%,13117914.00,United States,,1776,Health Care,Medical Specialities
APT,Alpha Pro Tech Ltd. Common Stock,$4.60,0.02,0.437%,60868999.00,Canada,,94921,,
ARMP,Armata Pharmaceuticals Inc. Common Stock,$5.12,0.37,7.789%,138681851.00,United States,,3109,Health Care,Biotechnology: Biological Products (No Diagnostic Substances)
ASM,Avino Silver & Gold Mines Ltd. Common Shares (Canada),$0.7101,0.0068,0.967%,72602904.00,Canada,,314171,,
ASXC,Asensus Surgical Inc. Common Stock,$0.7981,0.0281,3.649%,187713120.00,United States,,1855973,Health Care,Medical/Dental Instruments
ATNM,Actinium Pharmaceuticals Inc. (Delaware) Common Stock,$5.16,0.21,4.242%,113679124.00,United States,,99627,Health Care,Biotechnology: Pharmaceutical Preparations
AUMN,Golden Minerals Company Common Stock,$0.3705,0.0182,5.166%,60319109.00,United States,,257102,Basic Industries,Metal Mining
AWX,Avalon Holdings Corporation Common Stock,$3.27,0.01,0.307%,12751139.00,United States,,2426,Public Utilities,Environmental Services
AXU,Alexco Resource Corp Common Shares (Canada),$1.39,0.03,2.206%,215798752.00,Canada,,564985,,
BATL,Battalion Oil Corporation Common Stock,$17.38,-3.79,-17.903%,282840608.00,,,248751,Energy,Oil & Gas Production
BCV,Bancroft Fund Ltd.,$23.33,-0.01,-0.043%,128729947.00,United States,,27965,Finance,Finance/Investors Services
BCV^A,Bancroft Fund Limited 5.375% Series A Cumulative Preferred Shares,$25.35,-0.12,-0.471%,,United States,,300,,
BDL,Flanigan's Enterprises Inc. Common Stock,$28.64,-0.36,-1.241%,53231650.00,United States,,3107,Consumer Services,Restaurants
BDR,Blonder Tongue Laboratories Inc. Common Stock,$0.44,0.00,0.00%,5455017.00,United States,,25712,Technology,Radio And Television Broadcasting And Communications Equipment
BGI,Birks Group Inc. Common Stock,$4.67,0.30,6.865%,85596164.00,Canada,,110335,,
BHB,Bar Harbor Bankshares Inc. Common Stock,$29.87,0.15,0.505%,448079870.00,United States,,14995,Finance,Major Banks
BKTI,BK Technologies Corporation Common Stock,$2.65,0.28,11.814%,44557990.00,United States,,46536,Technology,Radio And Television Broadcasting And Communications Equipment
BMTX,BM Technologies Inc. Common Stock,$9.51,0.37,4.048%,116082655.00,,2018,60414,Technology,EDP Services
BRBS,Blue Ridge Bankshares Inc. Common Stock,$17.70,0.28,1.607%,332301251.00,,,54912,Finance,Commercial Banks
BRG,Bluerock Residential Growth REIT Inc. Class A Common Stock,$26.52,-0.03,-0.113%,731143830.00,,2014,402243,Consumer Services,Real Estate Investment Trusts
BRG^C,Bluerock Residential Growth REIT Inc. 7.625% Series C Cumulative Redeemable Preferred Stock,$25.4575,0.00,0.00%,,,,3759,,
BRG^D,Bluerock Residential Growth REIT Inc. 7.125% Series D Cumulative Preferred Stock ($0.01 par value per share),$25.415,0.065,0.256%,,,,3060,,
BRN,Barnwell Industries Inc. Common Stock,$2.71,0.08,3.042%,25597644.00,United States,,195727,Energy,Oil & Gas Production
BTG,B2Gold Corp Common shares (Canada),$3.57,0.03,0.847%,3768437001.00,Canada,,8959147,,
BTN,Ballantyne Strong Inc. Common Stock,$3.00,0.08,2.74%,55425054.00,United States,,54578,Miscellaneous,Industrial Machinery/Components
BTTR,Better Choice Company Inc. Common Stock,$2.37,0.065,2.82%,69301921.00,,2021,60476,Consumer Non-Durables,Food Distributors
CANF,Can-Fite Biopharma Ltd Sponsored ADR (Israel),$1.13,0.03,2.727%,30726444.00,Israel,,241409,Health Care,Biotechnology: Pharmaceutical Preparations
CCF,Chase Corporation Common Stock,$96.23,0.29,0.302%,910305488.00,United States,,17493,Basic Industries,Paints/Coatings
CEI,Camber Energy Inc. Common Stock,$0.5561,-0.0079,-1.401%,139025000.00,United States,,8906297,Energy,Oil & Gas Production
CET,Central Securities Corporation Common Stock,$41.64,-0.23,-0.549%,1092796121.00,United States,,43656,Finance,Finance/Investors Services
CEV,Eaton Vance California Municipal Income Trust Shares of Beneficial Interest,$12.679,-0.091,-0.713%,90446597.00,United States,1999,6879,Finance,Finance/Investors Services
CIK,Credit Suisse Asset Management Income Fund Inc. Common Stock,$3.27,0.01,0.307%,171120065.00,United States,,142935,Finance,Finance/Investors Services
CIX,CompX International Inc. Common Stock,$22.38,0.29,1.313%,277638604.00,United States,1998,2694,Miscellaneous,Diversified Manufacture
CKX,CKX Lands Inc. Common Stock,$11.27,-0.385,-3.303%,21891919.00,United States,,154,Energy,Oil & Gas Production
CLM,Cornerstone Strategic Value Fund Inc. New Common Stock,$14.37,0.13,0.913%,1693917020.00,United States,1987,911885,Finance,Finance/Investors Services
CMCL,Caledonia Mining Corporation Plc Common Shares,$11.30,0.08,0.713%,145014324.00,Canada,,16896,Basic Industries,Precious Metals
CMT,Core Molding Technologies Inc Common Stock,$8.25,-0.0798,-0.958%,66687052.00,United States,,5518,Consumer Durables,Electronic Components
COHN,Cohen & Company Inc.,$15.10,-0.3332,-2.159%,25631389.00,United States,,1722,Finance,Investment Managers
CPHI,China Pharma Holdings Inc. Common Stock,$0.4909,-0.0086,-1.722%,23238989.00,China,,214915,Health Care,Biotechnology: Pharmaceutical Preparations
CQP,Cheniere Energy Partners LP Cheniere Energy Partners LP Common Units,$51.28,0.36,0.707%,24820833947.00,United States,2007,191727,Public Utilities,Oil/Gas Transmission
CRF,Cornerstone Total Return Fund Inc. (The) Common Stock,$13.99,0.11,0.793%,870546399.00,United States,,512685,Finance,Finance/Investors Services
CTEK,CynergisTek Inc. Common Stock,$1.40,0.05,3.704%,18460467.00,United States,2017,22065,Technology,Retail: Computer Software & Peripheral Equipment
CTGO,Contango ORE Inc. Common Stock,$21.25,-0.25,-1.163%,143437500.00,,2021,3074,Basic Industries,Precious Metals
CVM,Cel-Sci Corporation Common Stock,$5.59,0.24,4.486%,241736744.00,United States,,559029,Health Care,Biotechnology: Biological Products (No Diagnostic Substances)
CVR,Chicago Rivet & Machine Co. Common Stock,$27.225,0.00,0.00%,26302944.00,United States,,351,Consumer Non-Durables,Industrial Specialties
CVU,CPI Aerostructures Inc. Common Stock,$2.18,0.01,0.461%,26914757.00,United States,,37821,Capital Goods,Military/Government/Technical
CYBN,Cybin Inc. Common Shares,$1.04,-0.01,-0.952%,177238645.00,,,480804,,
DHY,Credit Suisse High Yield Bond Fund Common Stock,$2.33,-0.02,-0.851%,241187003.00,United States,1998,439607,Finance,Finance/Investors Services
DIT,AMCON Distributing Company Common Stock,$160.54,12.46,8.414%,93560946.00,United States,,2366,Consumer Non-Durables,Food Distributors
DLA,Delta Apparel Inc. Common Stock,$30.50,0.45,1.498%,214593212.00,United States,,25106,Consumer Non-Durables,Department/Specialty Retail Stores
DMF,BNY Mellon Municipal Income Inc. Common Stock,$8.15,0.05,0.617%,169155948.00,United States,1988,61829,Finance,Finance/Investors Services
DNN,Denison Mines Corp Ordinary Shares (Canada),$1.18,0.05,4.425%,952687725.00,Canada,,5817699,,
DSS,DSS Inc. Common Stock,$0.40,0.0151,3.923%,60449019.00,United States,,315741,Consumer Services,Recreational Products/Toys
DXF,Dunxin Financial Holdings Limited American Depositary Shares,$0.8398,-0.0022,-0.261%,17534341.00,China,,254267,Consumer Non-Durables,Apparel
EAD,Allspring Income Opportunities Fund Common Shares,$8.23,-0.01,-0.121%,498624541.00,United States,2003,223173,Finance,Finance/Investors Services
ECF,Ellsworth Growth and Income Fund Ltd.,$11.00,0.14,1.289%,148494038.00,United States,1986,37036,Finance,Finance/Investors Services
ECF^A,Ellsworth Growth and Income Fund Ltd. 5.25% Series A Cumulative Preferred Shares (Liquidation Preference $25.00 per share),$25.50,-0.14,-0.546%,,United States,,2289,,
EIM,Eaton Vance Municipal Bond Fund Common Shares of Beneficial Interest $.01 par value,$12.28,-0.11,-0.888%,883585100.00,United States,2002,105131,Finance,Finance/Investors Services
ELA,Envela Corporation Common Stock,$4.005,0.005,0.125%,107832146.00,United States,,6795,Consumer Services,Consumer Specialties
ELLO,Ellomay Capital Ltd Ordinary Shares (Israel),$25.00,0.00,0.00%,321232375.00,Israel,,30,Public Utilities,Electric Utilities: Central
ELMD,Electromed Inc. Common Stock,$12.89,0.19,1.496%,110462647.00,United States,2011,6854,Health Care,Biotechnology: Electromedical & Electrotherapeutic Apparatus
EMAN,eMagin Corporation Common Stock,$1.22,0.09,7.965%,88669217.00,United States,,382727,Capital Goods,Industrial Machinery/Components
EMX,EMX Royalty Corporation Common Shares (Canada),$2.03,-0.04,-1.932%,213864988.00,Canada,,249184,,
ENSV,Enservco Corporation Common Stock,$0.6329,-0.0074,-1.156%,7235493.00,United States,,544483,Energy,Oilfield Services/Equipment
ENX,Eaton Vance New York Municipal Bond Fund Common Shares of Beneficial Interest $.01 par value,$11.36,-0.08,-0.699%,205823820.00,United States,2002,59695,Finance,Finance/Investors Services
EPM,Evolution Petroleum Corporation Inc. Common Stock,$5.74,-0.21,-3.529%,193046239.00,United States,,192104,Energy,Oil & Gas Production
EQX,Equinox Gold Corp. Common Shares,$5.76,0.01,0.174%,1734608125.00,Canada,,1553111,,
ERC,Allspring Multi-Sector Income Fund Common Stock,$11.98,-0.05,-0.416%,336543023.00,United States,2003,50041,Finance,Finance/Investors Services
ERH,Allspring Utilities and High Income Fund Common Shares,$13.4998,-0.0504,-0.372%,125361573.00,,2004,8584,Finance,Finance/Investors Services
ESP,Espey Mfg. & Electronics Corp. Common Stock,$13.26,0.16,1.221%,32208381.00,United States,,333,Capital Goods,Industrial Machinery/Components
EVBN,Evans Bancorp Inc. Common Stock,$43.76,0.38,0.876%,239228174.00,United States,,22039,Finance,Major Banks
EVI,EVI Industries Inc.  Common Stock,$21.43,0.28,1.324%,283084042.00,United States,,15159,Capital Goods,Industrial Machinery/Components
EVM,Eaton Vance California Municipal Bond Fund Common Shares of Beneficial Interest $.01 par value,$10.74,-0.08,-0.739%,268439201.00,United States,2002,47139,Finance,Finance/Investors Services
EVV,Eaton Vance Limited Duration Income Fund Common Shares of Beneficial Interest,$12.27,-0.07,-0.567%,1425409066.00,United States,2003,278120,Finance,Finance/Investors Services
EXN,Excellon Resources Inc. Common Shares,$0.645,-0.025,-3.731%,21320404.00,,2020,36522,,
FAX,Aberdeen Asia-Pacific Income Fund Inc Common Stock,$3.64,-0.02,-0.546%,901612599.00,United States,1986,788498,Finance,Investment Managers
FCO,Aberdeen Global Income Fund Inc. Common Stock,$7.2098,-0.0302,-0.417%,63901762.00,United States,1992,19364,Finance,Investment Managers
FEN,First Trust Energy Income and Growth Fund,$15.47,0.04,0.259%,300822968.00,United States,2004,44887,Finance,Finance/Investors Services
FRD,Friedman Industries Inc. Common Stock,$9.53,-0.14,-1.448%,65809768.00,United States,,30124,Basic Industries,Steel/Iron Ore
FSI,Flexible Solutions International Inc. Common Stock (CDA),$3.32,-0.05,-1.484%,40926457.00,Canada,,4104,Capital Goods,Recreational Products/Toys
FSP,Franklin Street Properties Corp. Common Stock,$5.54,-0.01,-0.18%,585205297.00,United States,,378508,Consumer Services,Real Estate Investment Trusts
FTF,Franklin Limited Duration Income Trust Common Shares of Beneficial Interest,$7.99,-0.03,-0.374%,240905651.00,United States,2003,209421,Finance,Finance/Investors Services
FTSI,FTS International Inc. Class A Common Stock,$26.38,0.00,0.00%,370978009.00,United States,2020,33785,Energy,Oilfield Services/Equipment
FURY,Fury Gold Mines Limited Common Shares,$0.64,-0.0172,-2.617%,80250997.00,,2020,70644,,
GAU,Galiano Gold Inc.,$0.6606,-0.0064,-0.96%,148597645.00,Canada,,283758,,
GBR,New Concept Energy Inc Common Stock,$2.81,0.0201,0.72%,14420735.00,United States,,493397,Consumer Services,Real Estate
GGN,GAMCO Global Gold Natural Resources & Income Trust,$3.74,0.01,0.268%,576098133.00,United States,2005,525709,Finance,Finance/Investors Services
GGN^B,GAMCO Global Gold Natural Reources & Income Trust 5.00% Series B Cumulative 25.00 Liquidation Preference,$25.22,-0.02,-0.079%,,United States,,994,,
GLDG,GoldMining Inc. Common Shares,$1.45,0.03,2.113%,217851060.00,,,383004,,
GLO,Clough Global Opportunities Fund Common Stock,$9.84,0.08,0.82%,394452262.00,United States,2006,274310,Finance,Finance/Investors Services
GLQ,Clough Global Equity Fund Clough Global Equity Fund Common Shares of Beneficial Interest,$12.03,0.02,0.167%,213124418.00,United States,2005,173415,Finance,Finance/Investors Services
GLTA,Galata Acquisition Corp. Class A Ordinary Shares,$9.81,-0.05,-0.507%,176273438.00,,2021,203,,
GLU,Gabelli Global Utility Common Shares of Beneficial Ownership,$19.63,-0.12,-0.608%,105512997.00,United States,2004,15595,Finance,Finance/Investors Services
GLU^B,The Gabelli Global Utility and Income Trust Series B Cumulative Puttable and Callable Preferred Shares,$51.30,0.00,0.00%,,United States,,5,,
GLV,Clough Global Dividend and Income Fund Common Shares of beneficial interest,$10.07,0.02,0.199%,113804021.00,United States,2004,6895,Finance,Finance/Investors Services
GOED,1847 Goedeker Inc. Commom Stock,$2.06,0.03,1.478%,219157904.00,United States,2020,1717517,Capital Goods,Recreational Products/Toys
GORO,Gold Resource Corporation Common Stock,$1.56,0.01,0.645%,137742242.00,United States,,693560,Basic Industries,Precious Metals
GPL,Great Panther Mining Limited Ordinary Shares (Canada),$0.192,-0.007,-3.518%,85523119.00,Canada,,1830532,,
GRF,Eagle Capital Growth Fund Inc. Common Stock,$9.9516,0.1116,1.134%,40395704.00,United States,,530,Finance,Finance/Investors Services
GROY,Gold Royalty Corp. Common Shares,$4.18,-0.04,-0.948%,559816954.00,,2021,389145,,
GSAT,Globalstar Inc. Common Stock,$1.01,-0.04,-3.81%,1810930000.00,United States,2006,10369902,Consumer Services,Telecommunications Equipment
GSV,Gold Standard Ventures Corporation Common Stock (Canada),$0.3902,-0.0015,-0.383%,139679992.00,Canada,,912021,,
GTE,Gran Tierra Energy Inc. Common Stock,$1.06,-0.01,-0.935%,389173170.00,Canada,,9685699,Energy,Oil & Gas Production
HNW,Pioneer Diversified High Income Fund Inc.,$14.40,0.08,0.559%,119992176.00,United States,2007,7540,Finance,Finance/Investors Services
HUSA,Houston American Energy Corporation Common Stock,$1.19,0.06,5.31%,11814722.00,United States,,1007541,Energy,Oil & Gas Production
HWM^,Howmet Aerospace Inc. $3.75 Preferred Stock,$74.50,0.00,0.00%,,United States,,51,,
IAF,Aberdeen Australia Equity Fund Inc Common Stock,$5.53,-0.05,-0.896%,132258732.00,United States,,89072,Finance,Finance/Investors Services
IBIO,iBio Inc. Common Stock,$0.4184,0.0183,4.574%,91193457.00,United States,,2022215,Health Care,Biotechnology: Pharmaceutical Preparations
ID,PARTS iD Inc. Class A Common Stock,$2.07,-0.02,-0.957%,68669054.00,United States,2017,7469,Miscellaneous,Diversified Commercial Services
IDW,IDW Media Holdings Class B Common Stock,$2.16,0.12,5.882%,28028238.00,,2021,58940,Consumer Services,Newspapers/Magazines
IGC,India Globalization Capital Inc. Common Stock,$1.03,0.03,3.00%,52585638.00,United States,,90306,Technology,Engineering & Construction
IHT,InnSuites Hospitality Trust Shares of Beneficial Interest,$3.00,-0.19,-5.956%,27113214.00,United States,,8510,Consumer Services,Real Estate Investment Trusts
IMH,Impac Mortgage Holdings Inc. Common Stock ,$0.78,-0.0373,-4.564%,16639494.00,United States,1997,81929,Finance,Finance: Consumer Services
IMO,Imperial Oil Limited Common Stock,$43.01,-0.04,-0.093%,29165081000.00,Canada,,452155,,
INDO,Indonesia Energy Corporation Limited Ordinary Shares,$5.04,1.17,30.233%,37537693.00,,2019,23937077,Energy,Oil & Gas Production
INFU,InfuSystems Holdings Inc. Common Stock,$14.99,0.01,0.067%,309535211.00,United States,,54613,Health Care,Medical/Dental Instruments
INTT,inTest Corporation Common Stock,$10.54,0.08,0.765%,114605552.00,United States,1997,64494,Technology,Semiconductors
INUV,Inuvo Inc.,$0.4194,0.0293,7.511%,49802679.00,United States,,452094,Technology,Advertising
IOR,Income Opportunity Realty Investors Inc. Common Stock,$11.60,0.00,0.00%,48353602.00,United States,,32,Finance,Diversified Financial Services
ISDR,Issuer Direct Corporation Common Stock,$25.61,-2.99,-10.455%,97088483.00,United States,,29881,Technology,EDP Services
ISR,IsoRay Inc. Common Stock (DE),$0.3766,-0.0001,-0.027%,53445289.00,United States,,374400,Health Care,Medical/Dental Instruments
ITP,IT Tech Packaging Inc. Common Stock,$0.204,-0.0025,-1.211%,20206180.00,China,,248936,Basic Industries,Paper
ITRG,Integra Resources Corp. Common Shares,$2.01,0.11,5.789%,124835683.00,,,57140,,
JOB,GEE Group Inc. Common Stock,$0.5372,0.0222,4.311%,61294764.00,United States,,380922,Technology,Diversified Commercial Services
KIQ,Kelso Technologies Inc Ordinary Shares,$0.4926,-0.0074,-1.48%,26733444.00,Canada,,73691,,
KULR,KULR Technology Group Inc. Common Stock,$2.23,0.01,0.45%,233563746.00,United States,,415589,,
LCTX,Lineage Cell Therapeutics Inc. Common Stock,$1.46,0.04,2.817%,218972767.00,United States,,600866,Health Care,Biotechnology: Biological Products (No Diagnostic Substances)
LEU,Centrus Energy Corp. Class A Common Stock,$42.15,2.57,6.493%,590829321.00,United States,2014,263795,,
LGL,LGL Group Inc. (The) Common Stock,$10.74,0.24,2.286%,57026350.00,United States,,2280,Capital Goods,Industrial Machinery/Components
LNG,Cheniere Energy Inc. Common Stock,$114.05,-0.84,-0.731%,28921763065.00,United States,,1378082,Public Utilities,Oil/Gas Transmission
LODE,Comstock Mining Inc. Common Stock,$1.50,0.07,4.895%,103195664.00,United States,,345792,Finance,Real Estate
LOV,Spark Networks Inc. American Depositary Shares (each representing one-tenth of an Ordinary Share),$2.24,-0.06,-2.609%,58574074.00,United States,2017,57649,Miscellaneous,Other Consumer Services
LSF,Laird Superfood Inc. Common Stock,$6.81,-0.40,-5.548%,61658939.00,,2020,87522,Consumer Non-Durables,Specialty Foods
LXFR,Luxfer Holdings PLC Ordinary Shares,$16.45,0.07,0.427%,455745901.00,United Kingdom,2012,214906,Capital Goods,Metal Fabrications
MAG,MAG Silver Corporation Ordinary Shares,$13.74,0.01,0.073%,1342731222.00,Canada,,269768,,
MHH,Mastech Digital Inc Common Stock,$19.70,1.03,5.517%,225328856.00,United States,,13626,Consumer Services,Professional Services
MIMO,Airspan Networks Holdings Inc. Common Stock,$3.74,-0.10,-2.604%,269371394.00,,2020,44448,Consumer Services,Telecommunications Equipment
MITQ,Moving iMage Technologies Inc. Common Stock,$1.22,-0.02,-1.613%,12976259.00,United States,2021,30342,Capital Goods,Telecommunications Equipment
MLSS,Milestone Scientific Inc. Common Stock,$1.22,-0.05,-3.937%,82772035.00,United States,2015,297740,Health Care,Industrial Specialties
MMX,Maverix Metals Inc. Common Shares,$4.08,-0.12,-2.857%,595049048.00,,,442936,,
MSN,Emerson Radio Corporation Common Stock,$0.753,-0.0007,-0.093%,15845117.00,United States,,9529,Consumer Non-Durables,Consumer Electronics/Appliances
MTA,Metalla Royalty & Streaming Ltd. Common Shares,$6.20,0.02,0.324%,272437635.00,,,125420,,
MTNB,Matinas Biopharma Holdings Inc. Common Stock,$0.71,-0.0348,-4.672%,153535745.00,United States,2017,484097,Health Care,Biotechnology: Pharmaceutical Preparations
MXC,Mexco Energy Corporation Common Stock,$10.805,0.305,2.905%,22924601.00,United States,,83251,Energy,Oil & Gas Production
MYO,Myomo Inc. Common Stock,$7.57,-0.03,-0.395%,51928709.00,United States,2017,8249,Health Care,Industrial Specialties
NAK,Northern Dynasty Minerals Ltd. Common Stock,$0.3048,-0.0052,-1.677%,161465297.00,Canada,,3796146,,
NAVB,Navidea Biopharmaceuticals Inc. Common Stock,$0.72,-0.218,-23.241%,21735714.00,United States,,79938,Health Care,Biotechnology: In Vitro & In Vivo Diagnostic Substances
NBH,Neuberger Berman Municipal Fund Inc. Common Stock,$14.10,-0.18,-1.261%,265573345.00,United States,2002,73003,Finance,Finance/Investors Services
NBO,Neuberger Berman New York Municipal Fund Inc. Common Stock,$12.22,0.03,0.246%,62046036.00,United States,2002,12329,Finance,Finance/Investors Services
NBW,Neuberger Berman California Municipal Fund Inc Common Stock,$13.20,-0.03,-0.227%,73273781.00,United States,2002,17019,Finance,Finance/Investors Services
NBY,NovaBay Pharmaceuticals Inc. Common Stock,$0.3302,0.0182,5.833%,14845252.00,United States,2007,372337,Health Care,Biotechnology: Pharmaceutical Preparations
NEN,New England Realty Associates Limited Partnership Class A Depositary Receipts Evidencing Units of Limited Partnership,$82.4442,0.00,0.00%,301143600.00,United States,,154,Consumer Services,Building operators
NES,Nuverra Environmental Solutions Inc. Common Stock,$2.32,0.42,22.105%,37606321.00,United States,2017,48276,Public Utilities,Water Supply
NEWP,New Pacific Metals Corp. Common Shares,$2.65,0.03,1.145%,412233367.00,,2021,110746,,
NFGC,New Found Gold Corp Common Shares,$5.97,0.06,1.015%,980228580.00,,2021,39134,,
NG,Novagold Resources Inc.,$6.22,-0.05,-0.797%,2070774262.00,Canada,,1071829,,
NGD,New Gold Inc.,$1.58,0.02,1.282%,1075822000.00,Canada,,6280869,,
NHC,National HealthCare Corporation Common Stock,$64.11,0.10,0.156%,988790327.00,United States,,28982,Health Care,Hospital/Nursing Management
NHS,Neuberger Berman High Yield Strategies Fund,$11.18,-0.07,-0.622%,163939070.00,United States,,57179,Finance,Trusts Except Educational Religious and Charitable
NILE,BitNile Holdings Inc. Common Stock,$0.91,0.0446,5.154%,76741253.00,United States,,685708,Finance,Investment Bankers/Brokers/Service
NML,Neuberger Berman MLP and Energy Income Fund Inc. Common Stock,$5.73,0.04,0.703%,324655657.00,,2013,142519,Finance,Finance/Investors Services
NNVC,NanoViricides Inc. Common Stock,$2.42,0.09,3.863%,27890500.00,United States,,45656,Health Care,Biotechnology: Pharmaceutical Preparations
NOG,Northern Oil and Gas Inc. Common Stock,$24.56,0.08,0.327%,1895911386.00,United States,,1138646,Energy,Oil & Gas Production
NRO,Neuberger Berman Real Estate Securities Income Fund Inc. Neuberger Berman Real Estate Securities Income Fund Inc.,$4.81,-0.06,-1.232%,228197530.00,United States,2003,166202,Finance,Finance/Investors Services
NTIP,Network-1 Technologies Inc. Common Stock,$2.71,-0.04,-1.455%,65309995.00,United States,,11078,,
NXE,Nexgen Energy Ltd. Common Shares,$4.11,0.15,3.788%,1959694916.00,,,1671374,,
OBE,Obsidian Energy Ltd. Common Shares,$7.27,-0.02,-0.274%,586974282.00,,,348525,,
OGEN,Oragenics Inc. Common Stock,$0.42,0.0149,3.678%,48885819.00,United States,,443245,Health Care,Biotechnology: Pharmaceutical Preparations
OPTT,Ocean Power Technologies Inc. Common Stock,$1.07,0.02,1.905%,59784295.00,United States,2007,301721,Capital Goods,Industrial Machinery/Components
ORLA,Orla Mining Ltd. Common Shares,$3.25,-0.025,-0.763%,804699851.00,,2020,86593,,
OZ,Belpointe PREP LLC Class A Units,$92.27,-0.47,-0.507%,0.00,,,7971,,
PCG^A,Pacific Gas & Electric Co. 6% Preferred Stock,$28.45,-0.05,-0.175%,,United States,,73280,,
PCG^B,Pacific Gas & Electric Co. 5 1/2% Preferred Stock,$26.40,-0.10,-0.377%,,United States,,18245,,
PCG^C,Pacific Gas & Electric Co. 5% 1st Preferred Stock,$25.40,-0.10,-0.392%,,United States,,420,,
PCG^D,Pacific Gas & Electric Co. 5% 1st  Red. Preferred Stock,$24.45,-0.10,-0.407%,,United States,,1414,,
PCG^E,Pacific Gas & Electric Co. 5% 1st A Preferred Stock,$24.6625,0.00,0.00%,,United States,,45,,
PED,Pedevco Corp. Common Stock,$1.21,0.00,0.00%,103410407.00,United States,,586821,,
PHGE,BiomX Inc. COmmon Stock,$1.72,0.06,3.614%,49159714.00,,2019,25299,Health Care,Biotechnology: Pharmaceutical Preparations
PLAG,Planet Green Holdings Corp. Common Stock,$0.9216,0.0365,4.124%,39243507.00,China,,120021,,
PLG,Platinum Group Metals Ltd. Ordinary Shares (Canada),$1.53,0.02,1.325%,123253738.00,Canada,,417459,,
PLM,Polymet Mining Corporation Ordinary Shares (Canada),$2.56,0.06,2.40%,258245939.00,Canada,,74920,,
PLX,Protalix BioTherapeutics Inc. (DE) Common Stock,$1.03,0.1444,16.305%,46923346.00,Israel,,975658,Health Care,Biotechnology: Biological Products (No Diagnostic Substances)
PLYM^A,Plymouth Industrial REIT Inc. 7.50% Series A Cumulative Redeemable Preferred Stock,$26.60,0.30,1.141%,,United States,,1700,,
PRK,Park National Corporation Common Stock,$133.31,2.11,1.608%,2162229944.00,United States,,32052,Finance,Major Banks
PTN,Palatin Technologies Inc. Common Stock,$0.4219,0.0149,3.661%,97604571.00,United States,,628380,Health Care,Biotechnology: Pharmaceutical Preparations
PW,Power REIT (MD) Common Stock,$63.44,1.99,3.238%,210775150.00,United States,,42467,Consumer Services,Real Estate Investment Trusts
PW^A,Power REIT 7.75% Series A Cumulative Perpetual Preferred Stock,$26.33,0.13,0.496%,,United States,,390,,
PZG,Paramount Gold Nevada Corp. Common Stock,$0.67,-0.0044,-0.652%,27151851.00,United States,2015,47411,Basic Industries,Precious Metals
RCG,RENN Fund Inc Common Stock,$2.44,0.20,8.929%,14522773.00,United States,,102232,Finance,Investment Managers
RCOR,Renovacor Inc. Common Stock,$6.50,-0.04,-0.612%,112164273.00,,2020,2502,Health Care,Biotechnology: Pharmaceutical Preparations
REI,Ring Energy Inc. Common Stock,$2.89,0.27,10.305%,287960068.00,United States,,4898006,Energy,Oil & Gas Production
REPX,Riley Exploration Permian Inc. Common Stock,$26.80,1.53,6.055%,532009802.00,United States,,74088,Energy,Oil & Gas Production
RHE,Regional Health Properties Inc. Common Stock,$3.22,0.08,2.548%,5714228.00,,2017,7911,Health Care,Hospital/Nursing Management
RHE^A,Regional Health Properties Inc. 10.875% Series A Cumulative Redeemable Preferred Stock,$4.47,-0.03,-0.667%,,,,403,,
RLGT,Radiant Logistics Inc. Common Stock,$5.99,0.07,1.182%,297854936.00,United States,,178771,Transportation,Oil Refining/Marketing
RMED,Ra Medical Systems Inc. Common Stock,$0.3599,-0.3436,-48.842%,2530012.00,,2018,31828246,Health Care,Medical/Dental Instruments
RVP,Retractable Technologies Inc. Common Stock,$5.15,0.09,1.779%,173886057.00,United States,,84669,Health Care,Medical/Dental Instruments
SACC,Sachem Capital Corp. 6.875% Notes due 2024,$25.48,0.1405,0.554%,0.00,United States,2019,10126,Consumer Services,Real Estate Investment Trusts
SACH,Sachem Capital Corp. Common Shares,$5.40,0.00,0.00%,171158297.00,United States,2017,169287,Consumer Services,Real Estate Investment Trusts
SACH^A,Sachem Capital Corp. 7.75% Series A Cumulative Redeemable Preferred Stock,$25.37,-0.02,-0.079%,,United States,,3667,,
SBEV,Splash Beverage Group Inc. (NV) Common Stock,$3.98,0.21,5.57%,129822565.00,,2021,814860,Consumer Non-Durables,Beverages (Production/Distribution)
SCCB,Sachem Capital Corp. 7.125% Notes due 2024,$25.2747,-0.0753,-0.297%,0.00,United States,2019,2016,Consumer Services,Real Estate Investment Trusts
SCCC,Sachem Capital Corp. 7.75% Notes due 2025,$25.67,-0.0199,-0.077%,0.00,United States,2020,2786,Consumer Services,Real Estate Investment Trusts
SCCD,Sachem Capital Corp. 6.00% Notes due 2026,$25.3257,-0.0743,-0.293%,0.00,United States,,4057,Consumer Services,Real Estate Investment Trusts
SDPI,Superior Drilling Products Inc. Common Stock,$0.80,0.0409,5.388%,22535269.00,,2014,149256,Energy,Metal Fabrications
SEB,Seaboard Corporation Common Stock,$3831.55,-60.86,-1.564%,4447582777.00,United States,1996,444,,
SENS,Senseonics Holdings Inc. Common Stock,$3.35,0.33,10.927%,1494041948.00,United States,,17541750,Health Care,Medical Specialities
SIF,SIFCO Industries Inc. Common Stock,$6.27,0.27,4.50%,37726402.00,United States,,3108,Capital Goods,Office Equipment/Supplies/Services
SILV,SilverCrest Metals Inc. Common Shares,$7.37,0.06,0.821%,1069744917.00,,2018,324248,Capital Goods,Industrial Machinery/Components
SIM,Grupo Simec S.A.B. de C.V. American Depositary Shares,$25.60,0.25,0.986%,3949051494.00,Mexico,1993,6750,Basic Industries,Aluminum
SKYH,Sky Harbour Group Corporation Class A Common Stock,$5.70,-0.34,-5.629%,364597034.00,,,29381,Capital Goods,Military/Government/Technical
SLI,Standard Lithium Ltd. Common Shares,$6.27,0.98,18.526%,1009640651.00,,2021,8639300,,
SMTS,Sierra Metals Inc. Common Stock,$1.23,0.01,0.82%,200982000.00,,,173023,,
SNMP,Evolve Transition Infrastructure LP Common Stock,$0.459,0.0113,2.524%,52401836.00,United States,,661037,Energy,Oil & Gas Production
SSY,SunLink Health Systems Inc. Common Stock,$1.48,-0.02,-1.333%,10292143.00,United States,,24370,Health Care,Medical/Nursing Services
STXS,Stereotaxis Inc. Common Stock,$5.15,0.13,2.59%,384092346.00,United States,,122269,Health Care,Biotechnology: Electromedical & Electrotherapeutic Apparatus
SVM,Silvercorp Metals Inc. Common Shares,$3.23,0.05,1.572%,570239836.00,,,787794,,
SVT,Servotronics Inc. Common Stock,$14.15,0.55,4.044%,35257088.00,United States,,4600,Consumer Durables,Metal Fabrications
SYN,Synthetic Biologics Inc. Common Stock,$0.2371,0.004,1.716%,31307286.00,United States,,582097,Health Care,Biotechnology: Pharmaceutical Preparations
TELL,Tellurian Inc. Common Stock,$2.38,0.12,5.31%,1140032048.00,United States,,10626751,Energy,Oil & Gas Production
TELZ,Tellurian Inc. 8.25% Senior Notes due 2028,$22.12,0.22,1.005%,0.00,United States,,2692,,
TGB,Taseko Mines Ltd. Common Stock,$1.88,0.02,1.075%,533837639.00,Canada,,1184139,,
THM,International Tower Hill Mines Ltd. Ordinary Shares (Canada),$0.71,0.02,2.899%,138384811.00,Canada,,53993,,
TKAT,Takung Art Co. Ltd. Common Stock,$2.98,0.18,6.429%,41592912.00,,,638255,Consumer Services,Catalog/Specialty Distribution
TMBR,Timber Pharmaceuticals Inc. Common Stock,$0.3484,0.0072,2.11%,22226586.00,United States,2015,306941,Consumer Durables,Specialty Chemicals
TMP,Tompkins Financial Corporation Common Stock,$80.07,0.37,0.464%,1166796214.00,United States,,18875,Finance,Major Banks
TMQ,Trilogy Metals Inc. Common Stock,$1.47,-0.04,-2.649%,212343683.00,Canada,,92326,,
TPHS,Trinity Place Holdings Inc. Common Stock,$1.79,-0.02,-1.105%,65694317.00,,,2598,Consumer Services,Real Estate
TRT,Trio-Tech International Common Stock,$7.21,0.36,5.255%,28480798.00,United States,,79672,Technology,Industrial Machinery/Components
TRX,Tanzanian Gold Corporation Common Stock,$0.3654,0.0045,1.247%,100117796.00,Canada,,967345,,
UAMY,United States Antimony Corporation Common Stock,$0.4315,0.0173,4.177%,45789850.00,United States,,176677,,
UAVS,AgEagle Aerial Systems Inc. Common Stock,$1.12,0.03,2.752%,86539482.00,United States,,948089,,
UEC,Uranium Energy Corp. Common Stock,$2.70,0.15,5.882%,749667023.00,Canada,,11001013,Basic Industries,Other Metals and Minerals
UFAB,Unique Fabricating Inc. Common Stock,$1.995,-0.015,-0.746%,23407628.00,United States,2015,9479,Capital Goods,Auto Parts:O.E.M.
URG,Ur Energy Inc Common Shares (Canada),$1.21,0.07,6.14%,261376365.00,Canada,,5849962,,
USAS,Americas Gold and Silver Corporation Common Shares no par value,$0.8414,0.0614,7.872%,138315271.00,,2017,3797882,,
UTG,Reaves Utility Income Fund Common Shares of Beneficial Interest,$33.32,-0.14,-0.418%,2172835984.00,United States,2004,137333,Finance,Investment Managers
UUU,Universal Security Instruments Inc. Common Stock,$2.64,0.05,1.931%,6106022.00,United States,,2870,Miscellaneous,Diversified Manufacture
UUUU,Energy Fuels Inc Ordinary Shares (Canada),$6.38,0.22,3.571%,996952830.00,,,2697763,,
VCF,Delaware Investments Colorado Municipal Income Fund Inc  Common Stock,$13.80,-0.10,-0.719%,66751980.00,United States,1993,11995,Finance,Finance/Investors Services
VFL,Delaware Investments National Municipal Income Fund Common Stock,$13.35,-0.04,-0.299%,60454714.00,United States,1993,2998,Finance,Finance/Investors Services
VGZ,Vista Gold Corp Common Stock,$0.6814,-0.005,-0.728%,79852743.00,United States,,31497,,
VHAQ,Viveon Health Acquisition Corp. Common Stock,$10.07,0.01,0.099%,253323438.00,,2021,304,,
VINE,Fresh Vine Wine Inc. Common Stock,$4.65,0.37,8.645%,56730060.00,,2021,104238,Consumer Non-Durables,Beverages (Production/Distribution)
VKI,Invesco Advantage Municipal Income Trust II Common Shares of Beneficial Interest (DE),$11.06,-0.08,-0.718%,490970554.00,United States,,98537,Finance,Finance Companies
VMM,Delaware Investments Minnesota Municipal Income Fund II Inc. Common Stock,$13.67,-0.09,-0.654%,157273008.00,United States,1993,46585,Finance,Finance/Investors Services
VNRX,VolitionRX Limited Common Stock,$2.73,0.20,7.905%,146153720.00,Singapore,2015,65592,Health Care,Biotechnology: Biological Products (No Diagnostic Substances)
VOLT,Volt Information Sciences Inc. Common Stock,$3.12,0.03,0.971%,68949648.00,United States,,53607,Technology,Diversified Commercial Services
VZLA,Vizsla Silver Corp. Common Shares,$1.8299,-0.0001,-0.005%,270644673.00,,2022,67866,,
WBEV,Winc Inc. Common Stock,$5.27,-0.49,-8.507%,69348826.00,,2021,26125,Consumer Non-Durables,Beverages (Production/Distribution)
WLMS,Williams Industrial Services Group Inc. Common Stock,$1.76,-0.09,-4.865%,45611284.00,,2021,294247,Capital Goods,Engineering & Construction
WRN,Western Copper and Gold Corporation Common Stock,$1.47,-0.02,-1.342%,222596404.00,Canada,2011,155170,,
WTT,Wireless Telecom Group  Inc. Common Stock,$1.80,-0.02,-1.099%,40358129.00,United States,,2341,Capital Goods,Telecommunications Equipment
WWR,Westwater Resources Inc. Common Stock,$1.96,0.01,0.513%,69135595.00,United States,,572930,Basic Industries,Other Metals and Minerals
WYY,WidePoint Corporation Common Stock,$3.90,-0.02,-0.51%,34470719.00,United States,,21152,Technology,EDP Services
XPL,Solitario Zinc Corp. Common Stock,$0.49,0.0227,4.858%,30397836.00,United States,,204046,Basic Industries,Metal Mining
XTNT,Xtant Medical Holdings Inc. Common Stock,$0.63,0.0177,2.891%,54681590.00,United States,,28848,Health Care,Medical Specialities
YCBD,cbdMD Inc. Common Stock,$0.98,-0.02,-2.00%,57381911.00,United States,2017,456653,Health Care,Biotechnology: Pharmaceutical Preparations
YCBD^A,cbdMD Inc. 8.0% Series A Cumulative Convertible Preferred Stock,$5.90,-0.09,-1.503%,,United States,,3267,,
ZDGE,Zedge Inc. Class B Common Stock ,$7.52,0.34,4.735%,108183201.00,,2016,45005,Technology,Internet and Information Services
ZOM,Zomedica Corp. Common Shares,$0.309,0.0167,5.713%,302787452.00,United States,2017,10986866,,
